<?xml version="1.0" encoding="iso-8859-1"?>
<mosinstall type="module" version="1.0.0">
	<name>TWG Random Image</name>
	<creationDate>Jan 2009</creationDate>
	<author>Michael Dempfle</author>
	<copyright>(C) 2008 TinyWebGallery. All rights reserved.</copyright>
	<license>http://www.gnu.org/copyleft/gpl.html GNU/GPL</license>
	<authorEmail>tinywebgallery@mdempfle.de</authorEmail>
	<authorUrl>www.tinywebgallery.com</authorUrl>
	<version>1.7.6.1</version>
	<description>This module displays a random image from your TWG image gallery</description>
	<files>
	<filename module="mod_twg_random_image">mod_twg_random_image.php</filename>
	</files>
	<params>
		<param name="folder" type="text" default="http://www.tinywebgallery.com/demo" label="TWG main Folder" description="Path to the main twg folder. Can be relative but using the full url is the easier way." />
		<param name="album" type="text" default="" label="Album(s)" description="The album(s) where the image comes from. Seperate albums with an |. Albums have to be urlencoded. Empty = to start from the root - please use recursive folders if you do this." />
		<param name="type" type="radio" default="1" label="Type" description="You can either show a random image or the most viewed image of a folder.">
							<option value="1">Random</option>
							<option value="0">TopX</option>
		</param>
    <param name="recursive" type="radio" default="1" label="Recursive" description="Use images from sub directories of the provided album too">
							<option value="1">Yes</option>
							<option value="0">No</option>
		</param>
		<param name="id" type="text" label="Id" default="1" description="An unique id of the random/topx image on the page. You can have different random/topx images on one page if you use different id's. For topx images the number has to start with 1 for the most viewed image and so on." />
		<param name="link" type="text" default="http://www.tinywebgallery.com/demo" label="Link" description="The URL to the main twg installation (if not included with php include this is the same as the folder!). If you leave this blank no link is added. If you use php include please provide the URL to your gallery page (e.g. (your url)/gallery.php)." />
		<param name="target" type="text" default="_blank" label="Target" description="The target where the TWG is opened. (_self or _blank makes sense)." />
		
		<param name="size" type="text" default="120" label="Size (px)" description="Image size (forces all images to be displayed with this size)" />
		<param name="margin" type="text" default="1" label="Margin (px)" description="The space around the image. Most layouts do already have some space." />
		
		<param name="slideshow" type="radio" default="1" label="Activate slideshow" description="Change the random image every x seconds">
					<option value="1">Yes</option>
					<option value="0">No</option>
		</param>
		<param name="time" type="text" default="5" label="Slideshow time (s)" description="The slideshow interval in seconds" />
		<param name="savespace" type="radio" default="1" label="Reserve space" description="Reserve the space for a vertical image. If No the layout can jump when slideshow is running.">
							<option value="1">Yes</option>
							<option value="0">No</option>
		</param>
		</params>
</mosinstall>
