<?xml version="1.0" encoding="iso-8859-1"?>
<mosinstall type="module" version="1.0.0">
	<name>TWG Module</name>
	<creationDate>Jul 2009</creationDate>
	<author>Michael Dempfle</author>
	<copyright>(C) 2009 TinyWebGallery. All rights reserved.</copyright>
	<license>http://www.gnu.org/copyleft/gpl.html GNU/GPL</license>
	<authorEmail>tinywebgallery@mdempfle.de</authorEmail>
	<authorUrl>www.tinywebgallery.com</authorUrl>
	<version>1.7.8</version>
	<description>This module displays your TWG image gallery inside of Joomla 1.0.x/Mambo</description>
	<files>
	<filename module="mod_twg">mod_twg.php</filename>
	</files>
	<params>
		<param name="link" type="text" default="http://www.tinywebgallery.com/demo/index.php" label="TWG link" description="The URL to the main twg installation includeing the main file." />
		<param name="sizex" type="text" default="635" label="Width (px)" description="Width of TWG" />
		<param name="sizey" type="text" default="400" label="Height (px)" description="Heigth of TWG" />
		<param name="scrollbar" type="radio" default="0" label="Allow scrollbars" description="If 'Yes' scrollbars are shown if the gallery is too large.">
							<option value="1">Yes</option>
							<option value="0">No</option>
		</param>
		<param name="addalbum" type="radio" default="0" label="Link to user album" description="If 'Yes' the login name of the user is added to the url as the parameter twg_album. Read howto 52 of the TWG howto's how this setup is done.">
							<option value="1">Yes</option>
							<option value="0">No</option>
		</param>
		</params>
</mosinstall>
