<?xml version="1.0" encoding="utf-8"?>
<install type="module" version="1.5.0">
	<name>TWG Module</name>
	<creationDate>April 2013</creationDate>
	<author>Michael Dempfle</author>
	<copyright>(C) 2013 TinyWebGallery. All rights reserved.</copyright>
	<license>http://www.gnu.org/copyleft/gpl.html GNU/GPL</license>
	<authorEmail>tinywebgallery@mdempfle.de</authorEmail>
	<authorUrl>www.tinywebgallery.com</authorUrl>
	<version>1.9</version>
	<description>This module displays your TWG image gallery inside of Joomla 1.5 and 2.5</description>
	<files>
	<filename module="mod_twg">mod_twg.php</filename>
	</files>
	<params>
		<param name="link" type="text" default="http://www.tinywebgallery.com/demo/index.php" label="TWG link" description="The URL to the main twg installation includeing the main file." />
		<param name="sizex" type="text" default="635" label="Width (px)" description="Width of TWG in px or Percent, e.g. 635 or 100%" />
		<param name="sizey" type="text" default="400" label="Height (px)" description="Heigth of TWG in px" />
		<param name="scrollbar" type="radio" default="0" label="Allow scrollbars" description="If 'Yes' scrollbars are shown if the gallery is too large.">
							<option value="1">Yes</option>
							<option value="0">No</option>
		</param>
		<param name="addalbum" type="radio" default="0" label="Link to user album" description="If 'Yes' the login name of the user is added to the url as the parameter twg_album. Read howto 52 of the TWG howto's how this setup is done.">
							<option value="1">Yes</option>
							<option value="0">No</option>
		</param>
	</params>
	<config>
		<fields name="params">
			<fieldset name="basic" >
				<field name="link" type="text" default="http://www.tinywebgallery.com/demo/index.php" label="TWG link" description="The URL to the main twg installation includeing the main file." />
				<field name="sizex" type="text" default="635" label="Width (px)" description="Width of TWG in px or Percent, e.g. 635 or 100%" />
				<field name="sizey" type="text" default="400" label="Height (px)" description="Heigth of TWG in px" />
				<field name="scrollbar" type="radio" default="0" label="Allow scrollbars" description="If 'Yes' scrollbars are shown if the gallery is too large.">
							<option value="1">Yes</option>
							<option value="0">No</option>
				</field>
				<field name="addalbum" type="radio" default="0" label="Link to user album" description="If 'Yes' the login name of the user is added to the url as the parameter twg_album. Read howto 52 of the TWG howto's how this setup is done.">
							<option value="1">Yes</option>
							<option value="0">No</option>
				</field>
			</fieldset>
		</fields>
	</config>
			

</install>